<?xml version="1.0" encoding="UTF-8"?>
<project-private xmlns="http://www.netbeans.org/ns/project-private/1">
    <editor-bookmarks xmlns="http://www.netbeans.org/ns/editor-bookmarks/2" lastBookmarkId="0"/>
    <open-files xmlns="http://www.netbeans.org/ns/projectui-open-files/2">
        <group>
            <file>file:/C:/Users/Usuario/Documents/git-y-github/ProyectoHospital/proyecto/src/proyecto/Paciente.java</file>
            <file>file:/C:/Users/Usuario/Documents/git-y-github/ProyectoHospital/proyecto/src/proyecto/Historial.java</file>
            <file>file:/C:/Users/Usuario/Documents/git-y-github/ProyectoHospital/proyecto/src/proyecto/Hospital.java</file>
            <file>file:/C:/Users/Usuario/Documents/git-y-github/ProyectoHospital/proyecto/src/proyecto/Crud.java</file>
            <file>file:/C:/Users/Usuario/Documents/git-y-github/ProyectoHospital/proyecto/src/proyecto/Medico.java</file>
        </group>
    </open-files>
</project-private>
